73260;\game\chas2wlf.shd
288848;\game\startup2.htm.tim
288849;\game\startup3.htm.tim
817979;\game\gam_stat.tim
1380364;\game\cha_axe.sha
6583139;\game\vp00008.tim
7958371;\game\vp00008.htm.tim
18747143;\game\restore.sdr
17502501;\game\m0003598.cmp
17502505;\game\m0003594.cmp
17502506;\game\m0003597.cmp
17502507;\game\m0003596.cmp
17502510;\game\m0003593.cmp
17502511;\game\m0003592.cmp
23360355;\game\vp00009.tim
24735587;\game\vp00009.htm.tim
33559583;\game\implode.sdr
33887756;\game\blk_flm.sha
34079500;\game\cha_reg.sha
35088460;\game\kainlog2.tim
50554938;\game\stoptime.sdr
50725644;\game\blk_sol.sha
51016027;\game\inv_wad4.htm.tim
51016028;\game\inv_wad3.htm.tim
51016029;\game\inv_wad2.htm.tim
51016030;\game\inv_wad1.htm.tim
51016031;\game\inv_wad0.htm.tim
51669034;\game\0314682A.htm
67789103;\game\crdsmall.tim
68052775;\game\gameover.tim
84549383;\game\mustest.vag
84963144;\game\05106F48.sdr
84963149;\game\05106F4D.sdr
85073465;\game\05121E39.sdr
100733452;\game\skn_sol.sha
100991756;\game\bon_sol.sha
101387015;\game\waiting.tim
101456908;\game\cha_mac.sha
101739832;\game\loconfig.tim
102110983;\game\waiting.htm.tim
102132024;\game\hiconfig.tim
102658089;\game\vortitem.htm.tim
117573388;\game\skn_flm.sha
117839372;\game\bon_flm.sha
118293532;\game\070D041C.tim
118497044;\game\bldgout.sdr
118848816;\game\bigspels.tim
134289164;\game\cha_flm.sha
134615599;\game\m0000802.cmp
134615848;\game\m0001805.cmp
134615849;\game\m0001804.cmp
134615852;\game\m0001801.cmp
134615853;\game\m0001800.cmp
134615854;\game\m0001803.cmp
134615855;\game\m0001802.cmp
134616612;\game\m0004809.cmp
134616616;\game\m0004805.cmp
134616617;\game\m0004804.cmp
134616618;\game\m0004807.cmp
134616620;\game\m0004801.cmp
134616621;\game\m0004800.cmp
134616622;\game\m0004803.cmp
134616623;\game\m0004802.cmp
134616876;\game\m0005801.cmp
134616877;\game\m0005800.cmp
134616879;\game\m0005802.cmp
134680613;\game\m0002908.cmp
134680620;\game\m0002901.cmp
134680621;\game\m0002900.cmp
134680622;\game\m0002903.cmp
134680623;\game\m0002902.cmp
134680876;\game\m0003901.cmp
134680877;\game\m0003900.cmp
134680878;\game\m0003903.cmp
134680879;\game\m0003902.cmp
134681132;\game\m0000901.cmp
134681133;\game\m0000900.cmp
134746156;\game\m0002601.cmp
134746157;\game\m0002600.cmp
134746158;\game\m0002603.cmp
134746159;\game\m0002602.cmp
134746412;\game\m0003601.cmp
134746413;\game\m0003600.cmp
134746414;\game\m0003603.cmp
134746415;\game\m0003602.cmp
134746924;\game\m0001601.cmp
134746925;\game\m0001600.cmp
134746926;\game\m0001603.cmp
134746927;\game\m0001602.cmp
134747948;\game\m0005601.cmp
134747949;\game\m0005600.cmp
134812201;\game\m0000704.cmp
134812206;\game\m0000703.cmp
134812207;\game\m0000702.cmp
134812457;\game\m0001704.cmp
134812460;\game\m0001701.cmp
134812462;\game\m0001703.cmp
134812463;\game\m0001702.cmp
134877736;\game\m0000405.cmp
134877737;\game\m0000404.cmp
134877739;\game\m0000406.cmp
134877740;\game\m0000401.cmp
134877741;\game\m0000400.cmp
134877743;\game\m0000402.cmp
134877992;\game\m0001405.cmp
134877993;\game\m0001404.cmp
134877994;\game\m0001407.cmp
134877995;\game\m0001406.cmp
134877996;\game\m0001401.cmp
134877997;\game\m0001400.cmp
134877998;\game\m0001403.cmp
134877999;\game\m0001402.cmp
134879020;\game\m0005401.cmp
134879022;\game\m0005403.cmp
134879023;\game\m0005402.cmp
134942764;\game\m0002501.cmp
134942765;\game\m0002500.cmp
134943016;\game\m0003505.cmp
134943017;\game\m0003504.cmp
134943018;\game\m0003507.cmp
134943019;\game\m0003506.cmp
134943020;\game\m0003501.cmp
134943021;\game\m0003500.cmp
134943022;\game\m0003503.cmp
134943023;\game\m0003502.cmp
134943272;\game\m0000505.cmp
134943273;\game\m0000504.cmp
134943274;\game\m0000507.cmp
134943275;\game\m0000506.cmp
134943276;\game\m0000501.cmp
134943277;\game\m0000500.cmp
134943278;\game\m0000503.cmp
134943279;\game\m0000502.cmp
134943525;\game\m0001508.cmp
134943528;\game\m0001505.cmp
134943529;\game\m0001504.cmp
134943530;\game\m0001507.cmp
134943534;\game\m0001503.cmp
134944301;\game\m0004500.cmp
134944303;\game\m0004502.cmp
135004684;\game\blk_reg.sha
135008804;\game\m0000209.cmp
135008805;\game\m0000208.cmp
135008813;\game\m0000200.cmp
135009065;\game\m0001204.cmp
135009068;\game\m0001201.cmp
135009070;\game\m0001203.cmp
135009071;\game\m0001202.cmp
135010093;\game\m0005200.cmp
135074341;\game\m0000308.cmp
135074344;\game\m0000305.cmp
135074345;\game\m0000304.cmp
135074346;\game\m0000307.cmp
135074347;\game\m0000306.cmp
135074348;\game\m0000301.cmp
135074349;\game\m0000300.cmp
135074350;\game\m0000303.cmp
135074351;\game\m0000302.cmp
135074600;\game\m0001305.cmp
135074601;\game\m0001304.cmp
135074604;\game\m0001301.cmp
135074606;\game\m0001303.cmp
135074607;\game\m0001302.cmp
135074861;\game\m0006300.cmp
135075369;\game\m0004304.cmp
135075372;\game\m0004301.cmp
135075373;\game\m0004300.cmp
135075374;\game\m0004303.cmp
135075375;\game\m0004302.cmp
135075620;\game\m0005309.cmp
135075621;\game\m0005308.cmp
135139368;\game\m0002005.cmp
135139369;\game\m0002004.cmp
135139371;\game\m0002006.cmp
135139372;\game\m0002001.cmp
135139373;\game\m0002000.cmp
135139374;\game\m0002003.cmp
135139375;\game\m0002002.cmp
135139628;\game\m0003001.cmp
135139629;\game\m0003000.cmp
135139631;\game\m0003002.cmp
135139877;\game\m0000008.cmp
135139880;\game\m0000005.cmp
135139881;\game\m0000004.cmp
135139882;\game\m0000007.cmp
135139883;\game\m0000006.cmp
135139884;\game\m0000001.cmp
135139885;\game\m0000000.cmp
135139886;\game\m0000003.cmp
135139887;\game\m0000002.cmp
135140133;\game\m0001008.cmp
135140136;\game\m0001005.cmp
135140137;\game\m0001004.cmp
135140138;\game\m0001007.cmp
135140139;\game\m0001006.cmp
135140140;\game\m0001001.cmp
135140141;\game\m0001000.cmp
135140142;\game\m0001003.cmp
135140143;\game\m0001002.cmp
135140388;\game\m0006009.cmp
135140389;\game\m0006008.cmp
135140392;\game\m0006005.cmp
135140393;\game\m0006004.cmp
135140394;\game\m0006007.cmp
135140395;\game\m0006006.cmp
135140396;\game\m0006001.cmp
135140397;\game\m0006000.cmp
135140398;\game\m0006003.cmp
135140399;\game\m0006002.cmp
135140652;\game\m0007001.cmp
135140653;\game\m0007000.cmp
135141160;\game\m0005005.cmp
135141161;\game\m0005004.cmp
135141162;\game\m0005007.cmp
135141163;\game\m0005006.cmp
135141164;\game\m0005001.cmp
135141165;\game\m0005000.cmp
135141166;\game\m0005003.cmp
135141167;\game\m0005002.cmp
135204908;\game\m0002101.cmp
135204909;\game\m0002100.cmp
135204911;\game\m0002102.cmp
135205160;\game\m0003105.cmp
135205161;\game\m0003104.cmp
135205164;\game\m0003101.cmp
135205165;\game\m0003100.cmp
135205166;\game\m0003103.cmp
135205417;\game\m0000104.cmp
135205420;\game\m0000101.cmp
135205669;\game\m0001108.cmp
135205675;\game\m0001106.cmp
135205679;\game\m0001102.cmp
135205924;\game\m0006109.cmp
135205925;\game\m0006108.cmp
135205928;\game\m0006105.cmp
135205929;\game\m0006104.cmp
135205930;\game\m0006107.cmp
135205931;\game\m0006106.cmp
135205932;\game\m0006101.cmp
135205933;\game\m0006100.cmp
135205934;\game\m0006103.cmp
135205935;\game\m0006102.cmp
135206440;\game\m0004105.cmp
135206441;\game\m0004104.cmp
135206444;\game\m0004101.cmp
135206445;\game\m0004100.cmp
135206446;\game\m0004103.cmp
135206447;\game\m0004102.cmp
135206696;\game\m0005105.cmp
135206697;\game\m0005104.cmp
135206700;\game\m0005101.cmp
135206702;\game\m0005103.cmp
135206703;\game\m0005102.cmp
135295796;\game\kainwolf.sha
136276009;\game\enerbolt.sdr
136277051;\game\pre_stat.tim
140800867;\game\vp00000.tim
140866403;\game\vp00010.tim
142110563;\game\vp00010.htm.tim
142176099;\game\vp00000.htm.tim
151126540;\game\cha_sol.sha
151392815;\game\m0000812.cmp
151393068;\game\m0001811.cmp
151393069;\game\m0001810.cmp
151393070;\game\m0001813.cmp
151393071;\game\m0001812.cmp
151393836;\game\m0004811.cmp
151393837;\game\m0004810.cmp
151394092;\game\m0005811.cmp
151394093;\game\m0005810.cmp
151394094;\game\m0005813.cmp
151394095;\game\m0005812.cmp
151457836;\game\m0002911.cmp
151457837;\game\m0002910.cmp
151457838;\game\m0002913.cmp
151457839;\game\m0002912.cmp
151458092;\game\m0003911.cmp
151458093;\game\m0003910.cmp
151458095;\game\m0003912.cmp
151459365;\game\m0004918.cmp
151459370;\game\m0004917.cmp
151523628;\game\m0003611.cmp
151523629;\game\m0003610.cmp
151523884;\game\m0000611.cmp
151524140;\game\m0001611.cmp
151524141;\game\m0001610.cmp
151524142;\game\m0001613.cmp
151524143;\game\m0001612.cmp
151589165;\game\m0003710.cmp
151589412;\game\m0000719.cmp
151589413;\game\m0000718.cmp
151589416;\game\m0000715.cmp
151589417;\game\m0000714.cmp
151589418;\game\m0000717.cmp
151589419;\game\m0000716.cmp
151589420;\game\m0000711.cmp
151589421;\game\m0000710.cmp
151589422;\game\m0000713.cmp
151589423;\game\m0000712.cmp
151589673;\game\m0001714.cmp
151589676;\game\m0001711.cmp
151589677;\game\m0001710.cmp
151589678;\game\m0001713.cmp
151589679;\game\m0001712.cmp
151590437;\game\m0004718.cmp
151590442;\game\m0004717.cmp
151654952;\game\m0000415.cmp
151654953;\game\m0000414.cmp
151654956;\game\m0000411.cmp
151654957;\game\m0000410.cmp
151654958;\game\m0000413.cmp
151654959;\game\m0000412.cmp
151655208;\game\m0001415.cmp
151655209;\game\m0001414.cmp
151655210;\game\m0001417.cmp
151655211;\game\m0001416.cmp
151655212;\game\m0001411.cmp
151655213;\game\m0001410.cmp
151655214;\game\m0001413.cmp
151655215;\game\m0001412.cmp
151656236;\game\m0005411.cmp
151656237;\game\m0005410.cmp
151719980;\game\m0002511.cmp
151719981;\game\m0002510.cmp
151720232;\game\m0003515.cmp
151720233;\game\m0003514.cmp
151720234;\game\m0003517.cmp
151720235;\game\m0003516.cmp
151720236;\game\m0003511.cmp
151720238;\game\m0003513.cmp
151720239;\game\m0003512.cmp
151720488;\game\m0000515.cmp
151720489;\game\m0000514.cmp
151720490;\game\m0000517.cmp
151720491;\game\m0000516.cmp
151720492;\game\m0000511.cmp
151720493;\game\m0000510.cmp
151720494;\game\m0000513.cmp
151720495;\game\m0000512.cmp
151720744;\game\m0001515.cmp
151720745;\game\m0001514.cmp
151720747;\game\m0001516.cmp
151720748;\game\m0001511.cmp
151720750;\game\m0001513.cmp
151720751;\game\m0001512.cmp
151721519;\game\m0004512.cmp
151723276;\game\bon_mac.sha
151785772;\game\m0003211.cmp
151785775;\game\m0003212.cmp
151786024;\game\m0000215.cmp
151786027;\game\m0000216.cmp
151786029;\game\m0000210.cmp
151851557;\game\m0000318.cmp
151851560;\game\m0000315.cmp
151851561;\game\m0000314.cmp
151851562;\game\m0000317.cmp
151851563;\game\m0000316.cmp
151851564;\game\m0000311.cmp
151851565;\game\m0000310.cmp
151851566;\game\m0000313.cmp
151851567;\game\m0000312.cmp
151852589;\game\m0004310.cmp
151852590;\game\m0004313.cmp
151852836;\game\m0005319.cmp
151916584;\game\m0002015.cmp
151916585;\game\m0002014.cmp
151916588;\game\m0002011.cmp
151916589;\game\m0002010.cmp
151916590;\game\m0002013.cmp
151916591;\game\m0002012.cmp
151916844;\game\m0003011.cmp
151916845;\game\m0003010.cmp
151917100;\game\m0000011.cmp
151917101;\game\m0000010.cmp
151917103;\game\m0000012.cmp
151917613;\game\m0006010.cmp
151917869;\game\m0007010.cmp
151918377;\game\m0005014.cmp
151918380;\game\m0005011.cmp
151918381;\game\m0005010.cmp
151918382;\game\m0005013.cmp
151918383;\game\m0005012.cmp
151981068;\game\skn_mac.sha
151982124;\game\m0002111.cmp
151982125;\game\m0002110.cmp
151982127;\game\m0002112.cmp
151982377;\game\m0003114.cmp
151982380;\game\m0003111.cmp
151982381;\game\m0003110.cmp
151982382;\game\m0003113.cmp
151982383;\game\m0003112.cmp
151982629;\game\m0000118.cmp
151982633;\game\m0000114.cmp
151982634;\game\m0000117.cmp
151982636;\game\m0000111.cmp
151982889;\game\m0001114.cmp
151982890;\game\m0001117.cmp
151982891;\game\m0001116.cmp
151983149;\game\m0006110.cmp
151983656;\game\m0004115.cmp
151983657;\game\m0004114.cmp
151983660;\game\m0004111.cmp
151983661;\game\m0004110.cmp
151983663;\game\m0004112.cmp
151983916;\game\m0005111.cmp
151983919;\game\m0005112.cmp
152462115;\game\deathmix.sdr
157578083;\game\vp00001.tim
157643619;\game\vp00011.tim
158887779;\game\vp00011.htm.tim
158953315;\game\vp00001.htm.tim
168235052;\game\m0002921.cmp
168235053;\game\m0002920.cmp
168235054;\game\m0002923.cmp
168235055;\game\m0002922.cmp
168235309;\game\m0003920.cmp
168236581;\game\m0004928.cmp
168236837;\game\m0005928.cmp
168236840;\game\m0005925.cmp
168236841;\game\m0005924.cmp
168236842;\game\m0005927.cmp
168236843;\game\m0005926.cmp
168236844;\game\m0005921.cmp
168236845;\game\m0005920.cmp
168236846;\game\m0005923.cmp
168236847;\game\m0005922.cmp
168325930;\game\statobjs.sdp
168366380;\game\m0003721.cmp
168366381;\game\m0003720.cmp
168366382;\game\m0003723.cmp
168366383;\game\m0003722.cmp
168366628;\game\m0000729.cmp
168366629;\game\m0000728.cmp
168366632;\game\m0000725.cmp
168366633;\game\m0000724.cmp
168366634;\game\m0000727.cmp
168366635;\game\m0000726.cmp
168366636;\game\m0000721.cmp
168366637;\game\m0000720.cmp
168366638;\game\m0000723.cmp
168366639;\game\m0000722.cmp
168366892;\game\m0001721.cmp
168366894;\game\m0001723.cmp
168366895;\game\m0001722.cmp
168367653;\game\m0004728.cmp
168432173;\game\m0000420.cmp
168432428;\game\m0001421.cmp
168433196;\game\m0004421.cmp
168497448;\game\m0003525.cmp
168497449;\game\m0003524.cmp
168497450;\game\m0003527.cmp
168497451;\game\m0003526.cmp
168497452;\game\m0003521.cmp
168497453;\game\m0003520.cmp
168497454;\game\m0003523.cmp
168497455;\game\m0003522.cmp
168497705;\game\m0000524.cmp
168497708;\game\m0000521.cmp
168497709;\game\m0000520.cmp
168497710;\game\m0000523.cmp
168497711;\game\m0000522.cmp
168497963;\game\m0001526.cmp
168497965;\game\m0001520.cmp
168562988;\game\m0003221.cmp
168563245;\game\m0000220.cmp
168564012;\game\m0007221.cmp
168628780;\game\m0000321.cmp
168628781;\game\m0000320.cmp
168628782;\game\m0000323.cmp
168628783;\game\m0000322.cmp
168693800;\game\m0002025.cmp
168693801;\game\m0002024.cmp
168693804;\game\m0002021.cmp
168693805;\game\m0002020.cmp
168693806;\game\m0002023.cmp
168693807;\game\m0002022.cmp
168695337;\game\m0004024.cmp
168695339;\game\m0004026.cmp
168695340;\game\m0004021.cmp
168695341;\game\m0004020.cmp
168695342;\game\m0004023.cmp
168695343;\game\m0004022.cmp
168759341;\game\m0002120.cmp
168759596;\game\m0003121.cmp
168759597;\game\m0003120.cmp
168759598;\game\m0003123.cmp
168759599;\game\m0003122.cmp
168759845;\game\m0000128.cmp
168759848;\game\m0000125.cmp
168759849;\game\m0000124.cmp
168759850;\game\m0000127.cmp
168759851;\game\m0000126.cmp
168759852;\game\m0000121.cmp
168759854;\game\m0000123.cmp
168759855;\game\m0000122.cmp
168760868;\game\m0004129.cmp
168760869;\game\m0004128.cmp
168760872;\game\m0004125.cmp
168760873;\game\m0004124.cmp
168760874;\game\m0004127.cmp
168760875;\game\m0004126.cmp
168760876;\game\m0004121.cmp
168760877;\game\m0004120.cmp
168760878;\game\m0004123.cmp
168760879;\game\m0004122.cmp
168890636;\game\blk_axe.sha
168912950;\game\enerbank.sdr
169156399;\game\bone2dis.shd
169239379;\game\invweap4.tim
169239380;\game\invweap3.tim
169239381;\game\invweap2.tim
169239382;\game\invweap1.tim
169239383;\game\invweap0.tim
169372228;\game\loading0.tim
169372229;\game\loading1.tim
169438010;\game\hivolume.htm.tim
169832250;\game\lovolume.htm.tim
174355299;\game\vp00002.tim
174420835;\game\vp00012.tim
175664995;\game\vp00012.htm.tim
175730531;\game\vp00002.htm.tim
184946991;\game\m0003832.cmp
185012268;\game\m0002931.cmp
185012269;\game\m0002930.cmp
185012270;\game\m0002933.cmp
185012271;\game\m0002932.cmp
185013797;\game\m0004938.cmp
185078820;\game\iron2dis.shd
185144869;\game\m0004738.cmp
185209388;\game\m0000431.cmp
185209644;\game\m0001431.cmp
185210412;\game\m0004431.cmp
185274667;\game\m0003536.cmp
185274924;\game\m0000531.cmp
185274925;\game\m0000530.cmp
185275180;\game\m0001531.cmp
185275181;\game\m0001530.cmp
185275183;\game\m0001532.cmp
185341228;\game\m0007231.cmp
185405480;\game\m0002335.cmp
185405481;\game\m0002334.cmp
185405483;\game\m0002336.cmp
185405486;\game\m0002333.cmp
185405487;\game\m0002332.cmp
185405996;\game\m0000331.cmp
185405997;\game\m0000330.cmp
185405999;\game\m0000332.cmp
185471016;\game\m0002035.cmp
185471017;\game\m0002034.cmp
185471020;\game\m0002031.cmp
185471021;\game\m0002030.cmp
185471022;\game\m0002033.cmp
185471023;\game\m0002032.cmp
185537061;\game\m0000138.cmp
185537064;\game\m0000135.cmp
185537065;\game\m0000134.cmp
185537067;\game\m0000136.cmp
185537068;\game\m0000131.cmp
185537069;\game\m0000130.cmp
185537070;\game\m0000133.cmp
185537071;\game\m0000132.cmp
185538092;\game\m0004131.cmp
185538093;\game\m0004130.cmp
185538094;\game\m0004133.cmp
185538095;\game\m0004132.cmp
185864707;\game\nuppies.tim
186253313;\game\spwrack.sdr
186478370;\game\slotstuf.htm.tim
186545749;\game\victory1.htm.tim
186545750;\game\victory2.htm.tim
191132515;\game\vp00003.tim
191198051;\game\vp00013.tim
192442211;\game\vp00013.htm.tim
192507747;\game\vp00003.htm.tim
201724201;\game\m0003844.cmp
201724204;\game\m0003841.cmp
201724206;\game\m0003843.cmp
201724207;\game\m0003842.cmp
201789484;\game\m0002941.cmp
201789485;\game\m0002940.cmp
201789486;\game\m0002943.cmp
201789487;\game\m0002942.cmp
201791013;\game\m0004948.cmp
201858316;\game\blk_mac.sha
201922084;\game\m0004749.cmp
201922085;\game\m0004748.cmp
201922090;\game\m0004747.cmp
201986600;\game\m0000445.cmp
201986601;\game\m0000444.cmp
201986604;\game\m0000441.cmp
201986605;\game\m0000440.cmp
201986606;\game\m0000443.cmp
201986607;\game\m0000442.cmp
201986860;\game\m0001441.cmp
201987628;\game\m0004441.cmp
202051880;\game\m0003545.cmp
202051881;\game\m0003544.cmp
202051882;\game\m0003547.cmp
202051883;\game\m0003546.cmp
202051884;\game\m0003541.cmp
202051886;\game\m0003543.cmp
202051887;\game\m0003542.cmp
202052396;\game\m0001541.cmp
202052397;\game\m0001540.cmp
202052398;\game\m0001543.cmp
202117165;\game\m0002240.cmp
202182696;\game\m0002345.cmp
202182697;\game\m0002344.cmp
202182703;\game\m0002342.cmp
202183213;\game\m0000340.cmp
202248232;\game\m0002045.cmp
202248233;\game\m0002044.cmp
202248236;\game\m0002041.cmp
202248237;\game\m0002040.cmp
202248238;\game\m0002043.cmp
202248239;\game\m0002042.cmp
202314277;\game\m0000148.cmp
202314281;\game\m0000144.cmp
202314284;\game\m0000141.cmp
202314286;\game\m0000143.cmp
202314287;\game\m0000142.cmp
202573319;\game\feature.tim
202927918;\game\0C186F2E.sdr
202994478;\game\0C19732E.tim
203388718;\game\looption.tim
207909731;\game\vp00004.tim
209284963;\game\vp00004.htm.tim
218501417;\game\m0003854.cmp
218501420;\game\m0003851.cmp
218501422;\game\m0003853.cmp
218501423;\game\m0003852.cmp
218566700;\game\m0002951.cmp
218566701;\game\m0002950.cmp
218566703;\game\m0002952.cmp
218764076;\game\m0001451.cmp
218829580;\game\skn_reg.sha
218894377;\game\m0002254.cmp
218894380;\game\m0002251.cmp
218894381;\game\m0002250.cmp
218894382;\game\m0002253.cmp
218894383;\game\m0002252.cmp
219025452;\game\m0002051.cmp
219025453;\game\m0002050.cmp
219025454;\game\m0002053.cmp
219025455;\game\m0002052.cmp
219087372;\game\bon_reg.sha
219091493;\game\m0000158.cmp
219091498;\game\m0000157.cmp
219091499;\game\m0000156.cmp
219091500;\game\m0000151.cmp
220102206;\game\disguise.sha
220142373;\game\flsh2mst.shd
220166696;\game\antitoxn.sdr
224686947;\game\vp00005.tim
226062179;\game\vp00005.htm.tim
235039526;\game\prestige.tim
235081735;\game\vortout.htm
235278632;\game\m0003865.cmp
235278633;\game\m0003864.cmp
235278636;\game\m0003861.cmp
235278638;\game\m0003863.cmp
235278639;\game\m0003862.cmp
235606312;\game\m0003565.cmp
235606313;\game\m0003564.cmp
235606315;\game\m0003566.cmp
235606316;\game\m0003561.cmp
235606317;\game\m0003560.cmp
235606319;\game\m0003562.cmp
235671595;\game\m0002266.cmp
235868709;\game\m0000168.cmp
235868714;\game\m0000167.cmp
235868715;\game\m0000166.cmp
235868716;\game\m0000161.cmp
235868717;\game\m0000160.cmp
236655665;\game\iron2wlf.shd
241464163;\game\vp00006.tim
242839395;\game\vp00006.htm.tim
252055852;\game\m0003871.cmp
252055855;\game\m0003872.cmp
252059450;\game\bone2wlf.shd
252274771;\game\0F096853.tim
252383528;\game\m0003575.cmp
252383529;\game\m0003574.cmp
252383531;\game\m0003576.cmp
252383532;\game\m0003571.cmp
252383533;\game\m0003570.cmp
252383535;\game\m0003572.cmp
252645925;\game\m0000178.cmp
252645931;\game\m0000176.cmp
252645932;\game\m0000171.cmp
252645933;\game\m0000170.cmp
252842252;\game\bon_axe.sha
253100044;\game\skn_axe.sha
253324601;\game\crdlarge.tim
253394730;\game\slowchar.sdr
253434119;\game\vortout.all
253630230;\game\powerup.tim
258241379;\game\vp00007.tim
259616611;\game\vp00007.htm.tim
270101794;\game\atractns.tim
270278440;\game\bone2mst.shd
285283363;\game\iron2mst.shd
285439790;\game\looption.htm.tim
285542241;\game\wad2bat.shd
285569838;\game\1105732E.tim
285743386;\game\hivideo.tim
286137626;\game\lovideo.tim
286458138;\game\lovideo.htm.tim
286590234;\game\hivideo.htm.tim
302279749;\game\flamesw2.vag
302324535;\game\flsh2wlf.shd
302345529;\game\crdlarge.htm.tim
302386960;\game\concept.htm.tim
303395375;\game\1215722F.sdr
303764240;\game\concept.tim
319776823;\game\st_items.sdp
320760614;\game\prestige.htm.tim
335873889;\game\14050761.sdr
336139008;\game\missile.vag
336794654;\game\flamesw.vag
337381906;\game\pyramid.vag
352327942;\game\beguile.sdr
352545851;\game\pre_stat.htm.tim
352912135;\game\control.sdr
369192738;\game\slotstuf.tim
369260117;\game\victory1.tim
369260118;\game\victory2.tim
369558023;\game\vorttim.all
369562388;\game\mapglow.sdt
370702904;\game\putresce.sdr
370810375;\game\161A1E07.tim
386101050;\game\lovolume.tim
386165316;\game\loading0.htm.tim
386165317;\game\loading1.htm.tim
386228789;\game\blshower.sdr
386231098;\game\hivolume.tim
386556755;\game\invweap4.htm.tim
386556756;\game\invweap3.htm.tim
386556757;\game\invweap2.htm.tim
386556758;\game\invweap1.htm.tim
386556759;\game\invweap0.htm.tim
386931999;\game\explode.vag
387324706;\game\17161B22.sdr
403179807;\game\1808091F.tim
420636455;\game\gameover.htm.tim
420703302;\game\kainhit2.vag
420703303;\game\kainhit3.vag
420897071;\game\crdsmall.htm.tim
421163059;\game\191A7033.sdt
436864512;\game\newsave.htm.tim
437482295;\game\1A137337.htm
437721600;\game\newsave.tim
452989983;\game\newload.tim
453667128;\game\hiconfig.htm.tim
453799224;\game\loconfig.htm.tim
453836822;\game\spdeath.sdr
454431002;\game\1B16111A.sdr
454887455;\game\newload.htm.tim
454978861;\game\1B1E6D2D.sdr
471034445;\game\malehit2.vag
471034446;\game\malehit1.vag
471557942;\game\maldeath.vag
487619387;\game\gam_stat.htm.tim
487745825;\game\1D126921.htm
487919900;\game\bloodup.vag
488138832;\game\startup2.tim
488138833;\game\startup3.tim
488334654;\game\globmiss.sdr
504787291;\game\inv_wad4.tim
504787292;\game\inv_wad3.tim
504787293;\game\inv_wad2.tim
504787294;\game\inv_wad1.tim
504787295;\game\inv_wad0.tim
504852520;\game\vortitem.all
520360989;\game\kainhit.vag
520841292;\game\kainlog2.htm.tim
521431870;\game\teleport.sdr
521870910;\game\1F1B1E3E.sdr
610863996;\game\growl1.vag
610867065;\game\sword4.vag
610929532;\game\growl2.vag
611194745;\game\sword3.vag
611260281;\game\sword2.vag
611324258;\game\choir2.vag
611410809;\game\snor05.vag
628122476;\game\song05.vag
628188012;\game\song04.vag
628253548;\game\song07.vag
628319084;\game\song06.vag
628384620;\game\song01.vag
628449900;\game\song10.vag
628450156;\game\song00.vag
628515692;\game\song03.vag
628581228;\game\song02.vag
628908908;\game\song09.vag
628974444;\game\song08.vag
655300196;\game\unlock.vag
655035494;\game\270B0C66.tim
655494764;\game\maleks.tim
661786220;\game\27720E6C.tim
705105533;\game\status.tim
705106785;\game\status.htm.tim
705502329;\game\heartb.vag
705563774;\game\klaugh.vag
754976365;\game\coffee.vag
772145773;\game\2E06026D.tim
772151658;\game\mdeath.vag
778071160;\game\item04.htm.tim
778071416;\game\item14.htm.tim
778071672;\game\item24.htm.tim
778071928;\game\item34.htm.tim
778072164;\game\item14.tim
778072420;\game\item04.tim
778072676;\game\item34.tim
778072932;\game\item24.tim
778136696;\game\item05.htm.tim
778136952;\game\item15.htm.tim
778137208;\game\item25.htm.tim
778137700;\game\item15.tim
778137956;\game\item05.tim
778138468;\game\item25.tim
778202232;\game\item06.htm.tim
778202488;\game\item16.htm.tim
778202744;\game\item26.htm.tim
778203236;\game\item16.tim
778203492;\game\item06.tim
778204004;\game\item26.tim
778267768;\game\item07.htm.tim
778268024;\game\item17.htm.tim
778268280;\game\item27.htm.tim
778268772;\game\item17.tim
778269028;\game\item07.tim
778269540;\game\item27.tim
778333304;\game\item00.htm.tim
778333560;\game\item10.htm.tim
778333816;\game\item20.htm.tim
778334072;\game\item30.htm.tim
778334308;\game\item10.tim
778334564;\game\item00.tim
778334820;\game\item30.tim
778335076;\game\item20.tim
778398840;\game\item01.htm.tim
778399096;\game\item11.htm.tim
778399352;\game\item21.htm.tim
778399608;\game\item31.htm.tim
778399844;\game\item11.tim
778400100;\game\item01.tim
778400356;\game\item31.tim
778400612;\game\item21.tim
778464376;\game\item02.htm.tim
778464632;\game\item12.htm.tim
778464888;\game\item22.htm.tim
778465144;\game\item32.htm.tim
778465380;\game\item12.tim
778465636;\game\item02.tim
778465892;\game\item32.tim
778466148;\game\item22.tim
778529912;\game\item03.htm.tim
778530168;\game\item13.htm.tim
778530424;\game\item23.htm.tim
778530680;\game\item33.htm.tim
778530916;\game\item13.tim
778531172;\game\item03.tim
778531428;\game\item33.tim
778531684;\game\item23.tim
778857592;\game\item08.htm.tim
778857848;\game\item18.htm.tim
778858104;\game\item28.htm.tim
778858596;\game\item18.tim
778858852;\game\item08.tim
778859364;\game\item28.tim
778923128;\game\item09.htm.tim
778923384;\game\item19.htm.tim
778923640;\game\item29.htm.tim
778924132;\game\item19.tim
778924388;\game\item09.tim
778924900;\game\item29.tim
788995179;\game\videos.sdp
790236272;\game\videos.htm.tim
957486440;\game\39121568.tim
963910760;\game\torch1.vag
964107368;\game\torch2.vag
1007223661;\game\newdel.tim
1014003815;\game\howl05.vag
1076260872;\game\des45.vag
1076260876;\game\des03.vag
1076260877;\game\des16.vag
1076260878;\game\des26.vag
1076260879;\game\des36.vag
1076261128;\game\des43.vag
1076261132;\game\des04.vag
1076261133;\game\des17.vag
1076261134;\game\des27.vag
1076261135;\game\des37.vag
1076261384;\game\des44.vag
1076261388;\game\des01.vag
1076261389;\game\des13.vag
1076261390;\game\des24.vag
1076261391;\game\des34.vag
1076261640;\game\des45.vag
1076261644;\game\des02.vag
1076261645;\game\des15.vag
1076261646;\game\des25.vag
1076261647;\game\des35.vag
1076261896;\game\des46.vag
1076261900;\game\des07.vag
1076261901;\game\des20.vag
1076261902;\game\des30.vag
1076261903;\game\des40.vag
1076262152;\game\des47.vag
1076262156;\game\des08.vag
1076262157;\game\des21.vag
1076262158;\game\des31.vag
1076262159;\game\des41.vag
1076262408;\game\des44.vag
1076262412;\game\des05.vag
1076262413;\game\des18.vag
1076262414;\game\des28.vag
1076262415;\game\des38.vag
1076262664;\game\des45.vag
1076262668;\game\des06.vag
1076262669;\game\des19.vag
1076262670;\game\des29.vag
1076262671;\game\des39.vag
1076263436;\game\des10.vag
1076263437;\game\heart.vag
1076263438;\game\des32.vag
1076263439;\game\des42.vag
1076263692;\game\des11.vag
1076263693;\game\des23.vag
1076263694;\game\des33.vag
1076263695;\game\des43.vag
1079126390;\game\flay.sdr
1143735399;\game\mouse.tim
1145063251;\game\gam.all
1160607244;\game\inv09.vag
1160607245;\game\inv19.vag
1160607246;\game\inv29.vag
1160607247;\game\inv39.vag
1160607500;\game\inv08.vag
1160607501;\game\inv18.vag
1160607502;\game\inv28.vag
1160607503;\game\inv38.vag
1160607752;\game\inv47.vag
1160607756;\game\inv07.vag
1160607757;\game\inv17.vag
1160607758;\game\inv27.vag
1160607759;\game\inv37.vag
1160608008;\game\inv46.vag
1160608012;\game\inv06.vag
1160608013;\game\inv16.vag
1160608014;\game\inv26.vag
1160608015;\game\inv36.vag
1160608264;\game\inv45.vag
1160608268;\game\inv05.vag
1160608269;\game\inv15.vag
1160608270;\game\inv25.vag
1160608271;\game\inv35.vag
1160608520;\game\inv44.vag
1160608524;\game\inv04.vag
1160608525;\game\inv14.vag
1160608526;\game\inv24.vag
1160608527;\game\inv34.vag
1160608776;\game\inv43.vag
1160608780;\game\inv03.vag
1160608781;\game\inv13.vag
1160608782;\game\inv23.vag
1160608783;\game\inv33.vag
1160609032;\game\inv42.vag
1160609036;\game\inv02.vag
1160609037;\game\inv12.vag
1160609038;\game\inv22.vag
1160609039;\game\inv32.vag
1160609288;\game\inv41.vag
1160609292;\game\inv01.vag
1160609293;\game\inv11.vag
1160609294;\game\inv21.vag
1160609295;\game\inv31.vag
1160609544;\game\inv40.vag
1160609548;\game\inv00.vag
1160609549;\game\inv10.vag
1160609550;\game\inv20.vag
1160609551;\game\inv30.vag
1163340131;\game\flay.vag
1163415123;\game\gam.htm.tim
1176898940;\game\46260D7C.sdr
1196245331;\game\vae.vag
1196309617;\game\suck.vag
1197089407;\game\mace.vag
1214135167;\game\tele.vag
1230908264;\game\demr.vag
1246968584;\game\thn2.vag
1246968585;\game\thn3.vag
1246968587;\game\thn1.vag
1246968590;\game\thn4.vag
1296640874;\game\drip.vag
1312839251;\game\all.vag
1313546241;\game\4E4B2001.tim
1313546242;\game\4E4B2002.tim
1313546243;\game\4E4B2003.tim
1313546244;\game\4E4B2004.tim
1313546245;\game\4E4B2005.tim
1345586808;\game\50340678.tim
1344696332;\game\des02.fag
1344696333;\game\des12.fag
1344696334;\game\des22.fag
1344696335;\game\des32.fag
1344696584;\game\des43.fag
1344696588;\game\des03.fag
1344696589;\game\des13.fag
1344696590;\game\des23.fag
1344696591;\game\des33.fag
1344696840;\game\des40.fag
1344696844;\game\des00.fag
1344696845;\game\des10.fag
1344696846;\game\des20.fag
1344696847;\game\des30.fag
1344697096;\game\des41.fag
1344697100;\game\des01.fag
1344697101;\game\des11.fag
1344697102;\game\des21.fag
1344697103;\game\des31.fag
1344697352;\game\des46.fag
1344697356;\game\des06.fag
1344697357;\game\des16.fag
1344697358;\game\des26.fag
1344697359;\game\des36.fag
1344697608;\game\des47.fag
1344697612;\game\des07.fag
1344697613;\game\des17.fag
1344697614;\game\des27.fag
1344697615;\game\des37.fag
1344697864;\game\des44.fag
1344697868;\game\des04.fag
1344697869;\game\des14.fag
1344697870;\game\des24.fag
1344697871;\game\des34.fag
1344698120;\game\des45.fag
1344698124;\game\des05.fag
1344698125;\game\des15.fag
1344698126;\game\des25.fag
1344698127;\game\des35.fag
1344698892;\game\des08.fag
1344698893;\game\des18.fag
1344698894;\game\des28.fag
1344698895;\game\des38.fag
1344699148;\game\des09.fag
1344699149;\game\des19.fag
1344699150;\game\des29.fag
1344699151;\game\des39.fag
1348087145;\game\bats.vag
1361709937;\game\light.sdr
1364474998;\game\soul.vag
1378752880;\game\small.vag
1414151265;\game\stun.sdr
1428319595;\game\55226D6B.tim
1428319851;\game\55226E6B.tim
1432299370;\game\hate.sdr
1445488485;\game\skey2.vag
1447964020;\game\burn.vag
1462245756;\game\wkain.sha
1479279738;\game\mouse.htm.tim
1512796520;\game\fhit1.vag
1512796776;\game\fhit2.vag
1513033343;\game\click.vag
1513362034;\game\swing.vag
1533308936;\game\av0318.fag
1533308937;\game\av0218.fag
1533308938;\game\av0118.fag
1533308939;\game\av0018.fag
1533309192;\game\av0308.fag
1533309193;\game\av0208.fag
1533309194;\game\av0108.fag
1533309195;\game\av0008.fag
1533309448;\game\av0338.fag
1533309449;\game\av0238.fag
1533309450;\game\av0138.fag
1533309451;\game\av0038.fag
1533309704;\game\av0328.fag
1533309705;\game\av0228.fag
1533309706;\game\av0128.fag
1533309707;\game\av0028.fag
1533309960;\game\av0358.fag
1533309961;\game\av0258.fag
1533309962;\game\av0158.fag
1533309963;\game\av0058.fag
1533310216;\game\av0348.fag
1533310217;\game\av0248.fag
1533310218;\game\av0148.fag
1533310219;\game\av0048.fag
1533310473;\game\av0278.fag
1533310474;\game\av0178.fag
1533310475;\game\av0078.fag
1533310729;\game\av0268.fag
1533310730;\game\av0168.fag
1533310731;\game\av0068.fag
1533310985;\game\av0298.fag
1533310986;\game\av0198.fag
1533310987;\game\av0098.fag
1533311241;\game\av0288.fag
1533311242;\game\av0188.fag
1533311243;\game\av0088.fag
1533374472;\game\av0319.fag
1533374473;\game\av0219.fag
1533374474;\game\av0119.fag
1533374475;\game\av0019.fag
1533374728;\game\av0309.fag
1533374729;\game\av0209.fag
1533374730;\game\av0109.fag
1533374731;\game\av0009.fag
1533374984;\game\av0339.fag
1533374985;\game\av0239.fag
1533374986;\game\av0139.fag
1533374987;\game\av0039.fag
1533375240;\game\av0329.fag
1533375241;\game\av0229.fag
1533375242;\game\av0129.fag
1533375243;\game\av0029.fag
1533375496;\game\av0359.fag
1533375497;\game\av0259.fag
1533375498;\game\av0159.fag
1533375499;\game\av0059.fag
1533375752;\game\av0349.fag
1533375753;\game\av0249.fag
1533375754;\game\av0149.fag
1533375755;\game\av0049.fag
1533376009;\game\av0279.fag
1533376010;\game\av0179.fag
1533376011;\game\av0079.fag
1533376265;\game\av0269.fag
1533376266;\game\av0169.fag
1533376267;\game\av0069.fag
1533376521;\game\av0299.fag
1533376522;\game\av0199.fag
1533376523;\game\av0099.fag
1533376777;\game\av0289.fag
1533376778;\game\av0189.fag
1533376779;\game\av0089.fag
1533571080;\game\av0314.fag
1533571081;\game\av0214.fag
1533571082;\game\av0114.fag
1533571083;\game\av0014.fag
1533571336;\game\av0304.fag
1533571337;\game\av0204.fag
1533571338;\game\av0104.fag
1533571592;\game\av0334.fag
1533571593;\game\av0234.fag
1533571594;\game\av0134.fag
1533571595;\game\av0034.fag
1533571848;\game\av0324.fag
1533571849;\game\av0224.fag
1533571850;\game\av0124.fag
1533571851;\game\av0024.fag
1533572104;\game\av0354.fag
1533572105;\game\av0254.fag
1533572106;\game\av0154.fag
1533572107;\game\av0054.fag
1533572360;\game\av0344.fag
1533572361;\game\av0244.fag
1533572362;\game\av0144.fag
1533572363;\game\av0044.fag
1533572367;\game\av0444.fag
1533572617;\game\av0274.fag
1533572618;\game\av0174.fag
1533572619;\game\av0074.fag
1533572872;\game\av0364.fag
1533572873;\game\av0264.fag
1533572874;\game\av0164.fag
1533572875;\game\av0064.fag
1533573129;\game\av0294.fag
1533573130;\game\av0194.fag
1533573131;\game\av0094.fag
1533573385;\game\av0284.fag
1533573386;\game\av0184.fag
1533573387;\game\av0084.fag
1533636616;\game\av0315.fag
1533636617;\game\av0215.fag
1533636618;\game\av0115.fag
1533636619;\game\av0015.fag
1533636872;\game\av0305.fag
1533636873;\game\av0205.fag
1533636874;\game\av0105.fag
1533636875;\game\av0005.fag
1533637128;\game\av0335.fag
1533637129;\game\av0235.fag
1533637130;\game\av0135.fag
1533637131;\game\av0035.fag
1533637384;\game\av0325.fag
1533637385;\game\av0225.fag
1533637386;\game\av0125.fag
1533637387;\game\av0025.fag
1533637640;\game\av0355.fag
1533637641;\game\av0255.fag
1533637642;\game\av0155.fag
1533637643;\game\av0055.fag
1533637896;\game\av0345.fag
1533637897;\game\av0245.fag
1533637898;\game\av0145.fag
1533637899;\game\av0045.fag
1533638153;\game\av0275.fag
1533638154;\game\av0175.fag
1533638155;\game\av0075.fag
1533638409;\game\av0265.fag
1533638410;\game\av0165.fag
1533638411;\game\av0065.fag
1533638665;\game\av0295.fag
1533638666;\game\av0195.fag
1533638667;\game\av0095.fag
1533638921;\game\av0285.fag
1533638922;\game\av0185.fag
1533638923;\game\av0085.fag
1533702152;\game\av0316.fag
1533702153;\game\av0216.fag
1533702154;\game\av0116.fag
1533702155;\game\av0016.fag
1533702408;\game\av0306.fag
1533702409;\game\av0206.fag
1533702410;\game\av0106.fag
1533702411;\game\av0006.fag
1533702664;\game\av0336.fag
1533702665;\game\av0236.fag
1533702666;\game\av0136.fag
1533702667;\game\av0036.fag
1533702920;\game\av0326.fag
1533702921;\game\av0226.fag
1533702922;\game\av0126.fag
1533702923;\game\av0026.fag
1533703176;\game\av0356.fag
1533703177;\game\av0256.fag
1533703178;\game\av0156.fag
1533703179;\game\av0056.fag
1533703432;\game\av0346.fag
1533703433;\game\av0246.fag
1533703434;\game\av0146.fag
1533703435;\game\av0046.fag
1533703689;\game\av0276.fag
1533703690;\game\av0176.fag
1533703691;\game\av0076.fag
1533703945;\game\av0266.fag
1533703946;\game\av0166.fag
1533703947;\game\av0066.fag
1533704201;\game\av0296.fag
1533704202;\game\av0196.fag
1533704203;\game\av0096.fag
1533704457;\game\av0286.fag
1533704458;\game\av0186.fag
1533704459;\game\av0086.fag
1533767688;\game\av0317.fag
1533767689;\game\av0217.fag
1533767690;\game\av0117.fag
1533767691;\game\av0017.fag
1533767944;\game\av0307.fag
1533767945;\game\av0207.fag
1533767946;\game\av0107.fag
1533767947;\game\av0007.fag
1533768200;\game\av0337.fag
1533768201;\game\av0237.fag
1533768202;\game\av0137.fag
1533768203;\game\av0037.fag
1533768456;\game\av0327.fag
1533768457;\game\av0227.fag
1533768458;\game\av0127.fag
1533768459;\game\av0027.fag
1533768712;\game\av0357.fag
1533768713;\game\av0257.fag
1533768714;\game\av0157.fag
1533768715;\game\av0057.fag
1533768968;\game\av0347.fag
1533768969;\game\av0247.fag
1533768970;\game\av0147.fag
1533768971;\game\av0047.fag
1533769225;\game\av0277.fag
1533769226;\game\av0177.fag
1533769227;\game\av0077.fag
1533769481;\game\av0267.fag
1533769482;\game\av0167.fag
1533769483;\game\av0067.fag
1533769737;\game\av0297.fag
1533769738;\game\av0197.fag
1533769739;\game\av0097.fag
1533769993;\game\av0287.fag
1533769994;\game\av0187.fag
1533769995;\game\av0087.fag
1533833224;\game\av0310.fag
1533833225;\game\av0210.fag
1533833226;\game\av0110.fag
1533833227;\game\av0010.fag
1533833480;\game\av0300.fag
1533833481;\game\av0200.fag
1533833482;\game\av0100.fag
1533833736;\game\av0330.fag
1533833737;\game\av0230.fag
1533833738;\game\av0130.fag
1533833739;\game\av0030.fag
1533833992;\game\av0320.fag
1533833993;\game\av0220.fag
1533833994;\game\av0120.fag
1533833995;\game\av0020.fag
1533834248;\game\av0350.fag
1533834249;\game\av0250.fag
1533834250;\game\av0150.fag
1533834251;\game\av0050.fag
1533834504;\game\av0340.fag
1533834505;\game\av0240.fag
1533834506;\game\av0140.fag
1533834507;\game\av0040.fag
1533834760;\game\av0370.fag
1533834761;\game\av0270.fag
1533834762;\game\av0170.fag
1533834763;\game\av0070.fag
1533835016;\game\av0360.fag
1533835017;\game\av0260.fag
1533835018;\game\av0160.fag
1533835019;\game\av0060.fag
1533835273;\game\av0290.fag
1533835274;\game\av0190.fag
1533835275;\game\av0090.fag
1533835529;\game\av0280.fag
1533835530;\game\av0180.fag
1533835531;\game\av0080.fag
1533898760;\game\av0311.fag
1533898761;\game\av0211.fag
1533898762;\game\av0111.fag
1533898763;\game\av0011.fag
1533899016;\game\av0301.fag
1533899017;\game\av0201.fag
1533899018;\game\av0101.fag
1533899019;\game\av0001.fag
1533899272;\game\av0331.fag
1533899273;\game\av0231.fag
1533899274;\game\av0131.fag
1533899275;\game\av0031.fag
1533899528;\game\av0321.fag
1533899529;\game\av0221.fag
1533899530;\game\av0121.fag
1533899531;\game\av0021.fag
1533899784;\game\av0351.fag
1533899785;\game\av0251.fag
1533899786;\game\av0151.fag
1533899787;\game\av0051.fag
1533900040;\game\av0341.fag
1533900041;\game\av0241.fag
1533900042;\game\av0141.fag
1533900043;\game\av0041.fag
1533900297;\game\av0271.fag
1533900298;\game\av0171.fag
1533900299;\game\av0071.fag
1533900552;\game\av0361.fag
1533900553;\game\av0261.fag
1533900554;\game\av0161.fag
1533900555;\game\av0061.fag
1533900809;\game\av0291.fag
1533900810;\game\av0191.fag
1533900811;\game\av0091.fag
1533901065;\game\av0281.fag
1533901066;\game\av0181.fag
1533901067;\game\av0081.fag
1533964296;\game\av0312.fag
1533964297;\game\av0212.fag
1533964298;\game\av0112.fag
1533964299;\game\av0012.fag
1533964552;\game\av0302.fag
1533964553;\game\av0202.fag
1533964554;\game\av0102.fag
1533964555;\game\av0002.fag
1533964808;\game\av0332.fag
1533964809;\game\av0232.fag
1533964810;\game\av0132.fag
1533964811;\game\av0032.fag
1533965064;\game\av0322.fag
1533965065;\game\av0222.fag
1533965066;\game\av0122.fag
1533965067;\game\av0022.fag
1533965320;\game\av0352.fag
1533965321;\game\av0252.fag
1533965322;\game\av0152.fag
1533965323;\game\av0052.fag
1533965576;\game\av0342.fag
1533965577;\game\av0242.fag
1533965578;\game\av0142.fag
1533965579;\game\av0042.fag
1533965833;\game\av0272.fag
1533965834;\game\av0172.fag
1533965835;\game\av0072.fag
1533966088;\game\av0362.fag
1533966089;\game\av0262.fag
1533966090;\game\av0162.fag
1533966091;\game\av0062.fag
1533966345;\game\av0292.fag
1533966346;\game\av0192.fag
1533966347;\game\av0092.fag
1533966601;\game\av0282.fag
1533966602;\game\av0182.fag
1533966603;\game\av0082.fag
1534029832;\game\av0313.fag
1534029833;\game\av0213.fag
1534029834;\game\av0113.fag
1534029835;\game\av0013.fag
1534030088;\game\av0303.fag
1534030089;\game\av0203.fag
1534030090;\game\av0103.fag
1534030091;\game\av0003.fag
1534030344;\game\av0333.fag
1534030345;\game\av0233.fag
1534030346;\game\av0133.fag
1534030347;\game\av0033.fag
1534030600;\game\av0323.fag
1534030601;\game\av0223.fag
1534030602;\game\av0123.fag
1534030603;\game\av0023.fag
1534030856;\game\av0353.fag
1534030857;\game\av0253.fag
1534030858;\game\av0153.fag
1534030859;\game\av0053.fag
1534031112;\game\av0343.fag
1534031113;\game\av0243.fag
1534031114;\game\av0143.fag
1534031115;\game\av0043.fag
1534031369;\game\av0273.fag
1534031370;\game\av0173.fag
1534031371;\game\av0073.fag
1534031624;\game\av0363.fag
1534031625;\game\av0263.fag
1534031626;\game\av0163.fag
1534031627;\game\av0063.fag
1534031881;\game\av0293.fag
1534031882;\game\av0193.fag
1534031883;\game\av0093.fag
1534032137;\game\av0283.fag
1534032138;\game\av0183.fag
1534032139;\game\av0083.fag
1582768744;\game\mist.sha
1596071280;\game\5F221D70.tim
1618478337;\game\scard26.sdr
1618478593;\game\pcard26.sdr
1618543873;\game\scard36.sdr
1618544129;\game\pcard36.sdr
1618609409;\game\scard06.sdr
1618609665;\game\pcard06.sdr
1618674945;\game\scard16.sdr
1618675201;\game\pcard16.sdr
1618871553;\game\scard46.sdr
1618871809;\game\pcard46.sdr
1618937089;\game\scard56.sdr
1618937345;\game\pcard56.sdr
1635255553;\game\scard27.sdr
1635255809;\game\pcard27.sdr
1635321089;\game\scard37.sdr
1635321345;\game\pcard37.sdr
1635386625;\game\scard07.sdr
1635386881;\game\pcard07.sdr
1635452161;\game\scard17.sdr
1635452417;\game\pcard17.sdr
1635648769;\game\scard47.sdr
1635649025;\game\pcard47.sdr
1635714305;\game\scard57.sdr
1635714561;\game\pcard57.sdr
1644757532;\game\6209021C.tim
1652032769;\game\scard24.sdr
1652033025;\game\pcard24.sdr
1652098305;\game\scard34.sdr
1652098561;\game\pcard34.sdr
1652163841;\game\scard04.sdr
1652164097;\game\pcard04.sdr
1652229377;\game\scard14.sdr
1652229633;\game\pcard14.sdr
1652425985;\game\scard44.sdr
1652426241;\game\pcard44.sdr
1652491521;\game\scard54.sdr
1652491777;\game\pcard54.sdr
1661534748;\game\6309021C.tim
1668809985;\game\scard25.sdr
1668810241;\game\pcard25.sdr
1668875521;\game\scard35.sdr
1668875777;\game\pcard35.sdr
1668941057;\game\scard05.sdr
1668941313;\game\pcard05.sdr
1669006593;\game\scard15.sdr
1669006849;\game\pcard15.sdr
1669203201;\game\scard45.sdr
1669203457;\game\pcard45.sdr
1669268737;\game\scard55.sdr
1669268993;\game\pcard55.sdr
1685587201;\game\scard22.sdr
1685587457;\game\pcard22.sdr
1685652737;\game\scard32.sdr
1685652993;\game\pcard32.sdr
1685718273;\game\scard02.sdr
1685718529;\game\pcard02.sdr
1685783809;\game\scard12.sdr
1685784065;\game\pcard12.sdr
1685849345;\game\scard62.sdr
1685849601;\game\pcard62.sdr
1685980417;\game\scard42.sdr
1685980673;\game\pcard42.sdr
1686045953;\game\scard52.sdr
1686046209;\game\pcard52.sdr
1701275456;\game\65676740.tim
1701275457;\game\65676741.tim
1701275458;\game\65676742.tim
1701275459;\game\65676743.tim
1701275460;\game\65676744.tim
1701275461;\game\65676745.tim
1701275462;\game\65676746.tim
1701275463;\game\65676747.tim
1701275466;\game\6567674A.tim
1701275467;\game\6567674B.tim
1702364417;\game\scard23.sdr
1702364673;\game\pcard23.sdr
1702429953;\game\scard33.sdr
1702430209;\game\pcard33.sdr
1702495489;\game\scard03.sdr
1702495745;\game\pcard03.sdr
1702561025;\game\scard13.sdr
1702561281;\game\pcard13.sdr
1702757633;\game\scard43.sdr
1702757889;\game\pcard43.sdr
1702823169;\game\scard53.sdr
1702823425;\game\pcard53.sdr
1719141633;\game\scard20.sdr
1719141889;\game\pcard20.sdr
1719207169;\game\scard30.sdr
1719207425;\game\pcard30.sdr
1719272705;\game\scard00.sdr
1719272961;\game\pcard00.sdr
1719338241;\game\scard10.sdr
1719338497;\game\pcard10.sdr
1719403777;\game\scard60.sdr
1719404033;\game\pcard60.sdr
1719534849;\game\scard40.sdr
1719535105;\game\pcard40.sdr
1719600385;\game\scard50.sdr
1719600641;\game\pcard50.sdr
1735918849;\game\scard21.sdr
1735919105;\game\pcard21.sdr
1735984385;\game\scard31.sdr
1735984641;\game\pcard31.sdr
1736049921;\game\scard01.sdr
1736050177;\game\pcard01.sdr
1736115457;\game\scard11.sdr
1736115713;\game\pcard11.sdr
1736180993;\game\scard61.sdr
1736181249;\game\pcard61.sdr
1736312065;\game\scard41.sdr
1736312321;\game\pcard41.sdr
1736377601;\game\scard51.sdr
1736377857;\game\pcard51.sdr
1745420828;\game\6809021C.tim
1745813789;\game\mapnew0.htm.tim
1746017565;\game\mapnew0.tim
1746148892;\game\68141E1C.tim
1753158192;\game\mvp00040.tim
1753158193;\game\mvp00041.tim
1753158194;\game\mvp00042.tim
1753158195;\game\mvp00043.tim
1753158196;\game\mvp00044.tim
1753158197;\game\mvp00045.tim
1753158198;\game\mvp00046.tim
1753158199;\game\mvp00047.tim
1753158200;\game\mvp00048.tim
1753158201;\game\mvp00049.tim
1762198044;\game\6909021C.tim
1762591005;\game\mapnew1.htm.tim
1762794781;\game\mapnew1.tim
1769935408;\game\mvp00050.tim
1769935409;\game\mvp00051.tim
1769935410;\game\mvp00052.tim
1769935411;\game\mvp00053.tim
1769935412;\game\mvp00054.tim
1769935413;\game\mvp00055.tim
1769935414;\game\mvp00056.tim
1769935415;\game\mvp00057.tim
1769935416;\game\mvp00058.tim
1769935417;\game\mvp00059.tim
1785754958;\game\6A70754E.tim
1786712624;\game\mvp00060.tim
1786712625;\game\mvp00061.tim
1786712626;\game\mvp00062.tim
1786712627;\game\mvp00063.tim
1795752476;\game\6B09021C.tim
1796503631;\game\6B14784F.tim
1801454098;\game\stwad04.tim
1801519634;\game\stwad14.tim
1801585170;\game\stwad24.tim
1801650706;\game\stwad34.tim
1801716242;\game\stwad44.tim
1803099666;\game\stwad44.htm.tim
1803296274;\game\stwad14.htm.tim
1803361810;\game\stwad04.htm.tim
1803427346;\game\stwad34.htm.tim
1803492882;\game\stwad24.htm.tim
1812030024;\game\6C016248.sha
1812030028;\game\6C01624C.sha
1812030029;\game\6C01624D.sha
1812030030;\game\6C01624E.sha
1812030031;\game\6C01624F.sha
1812034376;\game\pspell14.shd
1812034380;\game\pspell10.shd
1812034381;\game\pspell11.shd
1812034382;\game\pspell12.shd
1812034383;\game\pspell13.shd
1812529692;\game\6C09021C.tim
1813257756;\game\6C141E1C.tim
1818231314;\game\stwad03.tim
1818296850;\game\stwad13.tim
1818362386;\game\stwad23.tim
1818427922;\game\stwad33.tim
1818493458;\game\stwad43.tim
1819876882;\game\stwad43.htm.tim
1820073490;\game\stwad13.htm.tim
1820139026;\game\stwad03.htm.tim
1820204562;\game\stwad33.htm.tim
1820267056;\game\mvp00000.tim
1820267057;\game\mvp00001.tim
1820267058;\game\mvp00002.tim
1820267059;\game\mvp00003.tim
1820267060;\game\mvp00004.tim
1820267061;\game\mvp00005.tim
1820267062;\game\mvp00006.tim
1820267063;\game\mvp00007.tim
1820267064;\game\mvp00008.tim
1820267065;\game\mvp00009.tim
1820270098;\game\stwad23.htm.tim
1828807240;\game\6D016248.sha
1828807244;\game\aspell00.shd
1828807245;\game\aspell01.shd
1828807246;\game\6D01624E.sha
1828807247;\game\6D01624F.sha
1828811592;\game\pspell04.shd
1828811596;\game\pspell00.shd
1828811597;\game\pspell01.shd
1828811598;\game\pspell02.shd
1828811599;\game\pspell03.shd
1829306908;\game\6D09021C.tim
1830034972;\game\6D141E1C.tim
1835008530;\game\stwad02.tim
1835074066;\game\stwad12.tim
1835139602;\game\stwad22.tim
1835205138;\game\stwad32.tim
1835270674;\game\stwad42.tim
1836654098;\game\stwad42.htm.tim
1836850706;\game\stwad12.htm.tim
1836916242;\game\stwad02.htm.tim
1836981778;\game\stwad32.htm.tim
1837044272;\game\mvp00010.tim
1837044273;\game\mvp00011.tim
1837044274;\game\mvp00012.tim
1837044275;\game\mvp00013.tim
1837044276;\game\mvp00014.tim
1837044277;\game\mvp00015.tim
1837044278;\game\mvp00016.tim
1837044279;\game\mvp00017.tim
1837044280;\game\mvp00018.tim
1837044281;\game\mvp00019.tim
1837047314;\game\stwad22.htm.tim
1845584456;\game\6E016248.sha
1845584460;\game\6E01624C.sha
1845584461;\game\6E01624D.sha
1845584462;\game\6E01624E.sha
1845584463;\game\6E01624F.sha
1845588808;\game\pspell34.shd
1845588812;\game\pspell30.shd
1845588813;\game\pspell31.shd
1845588814;\game\pspell32.shd
1845588815;\game\pspell33.shd
1846084124;\game\6E09021C.tim
1851785746;\game\stwad01.tim
1851851282;\game\stwad11.tim
1851916818;\game\stwad21.tim
1851982354;\game\stwad31.tim
1852047890;\game\stwad41.tim
1853359361;\game\scard28.sdr
1853359617;\game\pcard28.sdr
1853424897;\game\scard38.sdr
1853425153;\game\pcard38.sdr
1853431314;\game\stwad41.htm.tim
1853490433;\game\scard08.sdr
1853490689;\game\pcard08.sdr
1853555969;\game\scard18.sdr
1853556225;\game\pcard18.sdr
1853627922;\game\stwad11.htm.tim
1853693458;\game\stwad01.htm.tim
1853752577;\game\scard48.sdr
1853752833;\game\pcard48.sdr
1853758994;\game\stwad31.htm.tim
1853818113;\game\scard58.sdr
1853818369;\game\pcard58.sdr
1853821488;\game\mvp00020.tim
1853821489;\game\mvp00021.tim
1853821490;\game\mvp00022.tim
1853821491;\game\mvp00023.tim
1853821492;\game\mvp00024.tim
1853821493;\game\mvp00025.tim
1853821494;\game\mvp00026.tim
1853821495;\game\mvp00027.tim
1853821496;\game\mvp00028.tim
1853821497;\game\mvp00029.tim
1853824530;\game\stwad21.htm.tim
1862861340;\game\6F09021C.tim
1863612491;\game\6F14784B.tim
1863612492;\game\6F14784C.tim
1863612493;\game\6F14784D.tim
1863612494;\game\6F14784E.tim
1863612495;\game\6F14784F.tim
1868562962;\game\stwad00.tim
1868628498;\game\stwad10.tim
1868694034;\game\stwad20.tim
1868759570;\game\stwad30.tim
1868825106;\game\stwad40.tim
1870136577;\game\scard29.sdr
1870136833;\game\pcard29.sdr
1870202113;\game\scard39.sdr
1870202369;\game\pcard39.sdr
1870208530;\game\stwad40.htm.tim
1870267649;\game\scard09.sdr
1870267905;\game\pcard09.sdr
1870333185;\game\scard19.sdr
1870333441;\game\pcard19.sdr
1870405138;\game\stwad10.htm.tim
1870470674;\game\stwad00.htm.tim
1870529793;\game\scard49.sdr
1870530049;\game\pcard49.sdr
1870536210;\game\stwad30.htm.tim
1870595329;\game\scard59.sdr
1870595585;\game\pcard59.sdr
1870598704;\game\mvp00030.tim
1870598705;\game\mvp00031.tim
1870598706;\game\mvp00032.tim
1870598707;\game\mvp00033.tim
1870598708;\game\mvp00034.tim
1870598709;\game\mvp00035.tim
1870598710;\game\mvp00036.tim
1870598711;\game\mvp00037.tim
1870598712;\game\mvp00038.tim
1870598713;\game\mvp00039.tim
1870601746;\game\stwad20.htm.tim
1885540912;\game\mvp00010.htm.tim
1885540913;\game\mvp00011.htm.tim
1885540914;\game\mvp00012.htm.tim
1885540915;\game\mvp00013.htm.tim
1885540916;\game\mvp00014.htm.tim
1885540917;\game\mvp00015.htm.tim
1885540918;\game\mvp00016.htm.tim
1885540919;\game\mvp00017.htm.tim
1885540920;\game\mvp00018.htm.tim
1885540921;\game\mvp00019.htm.tim
1885870128;\game\grp00410.ctm
1885870129;\game\grp00411.ctm
1885870130;\game\grp00412.ctm
1885870131;\game\grp00413.ctm
1885870132;\game\grp00414.ctm
1885870133;\game\grp00415.ctm
1885870134;\game\grp00416.ctm
1885870135;\game\grp00417.ctm
1885870136;\game\grp00418.ctm
1885870137;\game\grp00419.ctm
1885935665;\game\grp00511.ctm
1885935666;\game\grp00512.ctm
1885935668;\game\grp00514.ctm
1885935669;\game\grp00515.ctm
1885935670;\game\grp00516.ctm
1885935672;\game\grp00518.ctm
1885935673;\game\grp00519.ctm
1886132272;\game\grp00010.ctm
1886132273;\game\grp00011.ctm
1886132274;\game\grp00012.ctm
1886132275;\game\grp00013.ctm
1886132276;\game\grp00014.ctm
1886132277;\game\grp00015.ctm
1886132278;\game\grp00016.ctm
1886132279;\game\grp00017.ctm
1886132280;\game\grp00018.ctm
1886132281;\game\grp00019.ctm
1886197808;\game\grp00110.ctm
1886197809;\game\grp00111.ctm
1886197810;\game\grp00112.ctm
1886197811;\game\grp00113.ctm
1886197812;\game\grp00114.ctm
1886197813;\game\grp00115.ctm
1886197814;\game\grp00116.ctm
1886197815;\game\grp00117.ctm
1886197816;\game\grp00118.ctm
1886197817;\game\grp00119.ctm
1886263346;\game\grp00212.ctm
1886263347;\game\grp00213.ctm
1886263348;\game\grp00214.ctm
1886263350;\game\grp00216.ctm
1886263351;\game\grp00217.ctm
1886263352;\game\grp00218.ctm
1886263353;\game\grp00219.ctm
1886328880;\game\grp00310.ctm
1886328881;\game\grp00311.ctm
1886328882;\game\grp00312.ctm
1886328883;\game\grp00313.ctm
1886328884;\game\grp00314.ctm
1886328886;\game\grp00316.ctm
1886328887;\game\grp00317.ctm
1886328888;\game\grp00318.ctm
1886328889;\game\grp00319.ctm
1902318128;\game\mvp00000.htm.tim
1902318129;\game\mvp00001.htm.tim
1902318130;\game\mvp00002.htm.tim
1902318131;\game\mvp00003.htm.tim
1902318132;\game\mvp00004.htm.tim
1902318133;\game\mvp00005.htm.tim
1902318134;\game\mvp00006.htm.tim
1902318135;\game\mvp00007.htm.tim
1902318136;\game\mvp00008.htm.tim
1902318137;\game\mvp00009.htm.tim
1902647344;\game\grp00400.ctm
1902647345;\game\grp00401.ctm
1902647346;\game\grp00402.ctm
1902647347;\game\grp00403.ctm
1902647348;\game\grp00404.ctm
1902647349;\game\grp00405.ctm
1902647350;\game\grp00406.ctm
1902647351;\game\grp00407.ctm
1902647352;\game\grp00408.ctm
1902647353;\game\grp00409.ctm
1902712880;\game\grp00500.ctm
1902712881;\game\grp00501.ctm
1902712882;\game\grp00502.ctm
1902712883;\game\grp00503.ctm
1902712884;\game\grp00504.ctm
1902712885;\game\grp00505.ctm
1902712886;\game\grp00506.ctm
1902712887;\game\grp00507.ctm
1902712888;\game\grp00508.ctm
1902712889;\game\grp00509.ctm
1902736718;\game\7169754E.tim
1902909488;\game\grp00000.ctm
1902909489;\game\grp00001.ctm
1902909490;\game\grp00002.ctm
1902909491;\game\grp00003.ctm
1902909492;\game\grp00004.ctm
1902909493;\game\grp00005.ctm
1902909494;\game\grp00006.ctm
1902909495;\game\grp00007.ctm
1902909496;\game\grp00008.ctm
1902975024;\game\grp00100.ctm
1902975025;\game\grp00101.ctm
1902975027;\game\grp00103.ctm
1902975031;\game\grp00107.ctm
1902975032;\game\grp00108.ctm
1902975033;\game\grp00109.ctm
1903040560;\game\grp00200.ctm
1903040561;\game\grp00201.ctm
1903040562;\game\grp00202.ctm
1903040563;\game\grp00203.ctm
1903040564;\game\grp00204.ctm
1903040565;\game\grp00205.ctm
1903040566;\game\grp00206.ctm
1903040567;\game\grp00207.ctm
1903040569;\game\grp00209.ctm
1903106096;\game\grp00300.ctm
1903106098;\game\grp00302.ctm
1903106099;\game\grp00303.ctm
1903106100;\game\grp00304.ctm
1903106101;\game\grp00305.ctm
1903106102;\game\grp00306.ctm
1903106103;\game\grp00307.ctm
1903106104;\game\grp00308.ctm
1903106105;\game\grp00309.ctm
1913157708;\game\7208784C.tim
1913157709;\game\7208784D.tim
1913157710;\game\7208784E.tim
1913157711;\game\7208784F.tim
1919095344;\game\mvp00030.htm.tim
1919095345;\game\mvp00031.htm.tim
1919095346;\game\mvp00032.htm.tim
1919095347;\game\mvp00033.htm.tim
1919095348;\game\mvp00034.htm.tim
1919095349;\game\mvp00035.htm.tim
1919095350;\game\mvp00036.htm.tim
1919095351;\game\mvp00037.htm.tim
1919095352;\game\mvp00038.htm.tim
1919095353;\game\mvp00039.htm.tim
1919424560;\game\grp00430.ctm
1919424561;\game\grp00431.ctm
1919424562;\game\grp00432.ctm
1919424563;\game\grp00433.ctm
1919424564;\game\grp00434.ctm
1919424565;\game\grp00435.ctm
1919424566;\game\grp00436.ctm
1919424567;\game\grp00437.ctm
1919424568;\game\grp00438.ctm
1919424569;\game\grp00439.ctm
1919425069;\game\eff00052.sdr
1919425070;\game\eff00051.sdr
1919425071;\game\eff00050.sdr
1919490100;\game\grp00534.ctm
1919490103;\game\grp00537.ctm
1919490104;\game\grp00538.ctm
1919490105;\game\grp00539.ctm
1919686704;\game\grp00030.ctm
1919686705;\game\grp00031.ctm
1919686706;\game\grp00032.ctm
1919686708;\game\grp00034.ctm
1919686709;\game\grp00035.ctm
1919686710;\game\grp00036.ctm
1919686711;\game\grp00037.ctm
1919686712;\game\grp00038.ctm
1919686713;\game\grp00039.ctm
1919752240;\game\grp00130.ctm
1919752241;\game\grp00131.ctm
1919752242;\game\grp00132.ctm
1919752243;\game\grp00133.ctm
1919752244;\game\grp00134.ctm
1919752245;\game\grp00135.ctm
1919752246;\game\grp00136.ctm
1919752247;\game\grp00137.ctm
1919752248;\game\grp00138.ctm
1919752249;\game\grp00139.ctm
1919817776;\game\grp00230.ctm
1919817777;\game\grp00231.ctm
1919817778;\game\grp00232.ctm
1919817779;\game\grp00233.ctm
1919817780;\game\grp00234.ctm
1919817781;\game\grp00235.ctm
1919817782;\game\grp00236.ctm
1919817783;\game\grp00237.ctm
1919883312;\game\grp00330.ctm
1919883313;\game\grp00331.ctm
1919883314;\game\grp00332.ctm
1919883317;\game\grp00335.ctm
1919883318;\game\grp00336.ctm
1935872560;\game\mvp00020.htm.tim
1935872561;\game\mvp00021.htm.tim
1935872562;\game\mvp00022.htm.tim
1935872563;\game\mvp00023.htm.tim
1935872564;\game\mvp00024.htm.tim
1935872565;\game\mvp00025.htm.tim
1935872566;\game\mvp00026.htm.tim
1935872567;\game\mvp00027.htm.tim
1935872568;\game\mvp00028.htm.tim
1935872569;\game\mvp00029.htm.tim
1936201776;\game\grp00420.ctm
1936201777;\game\grp00421.ctm
1936201778;\game\grp00422.ctm
1936201779;\game\grp00423.ctm
1936201780;\game\grp00424.ctm
1936201781;\game\grp00425.ctm
1936201782;\game\grp00426.ctm
1936201783;\game\grp00427.ctm
1936201784;\game\grp00428.ctm
1936201785;\game\grp00429.ctm
1936202278;\game\eff00049.sdr
1936202279;\game\eff00048.sdr
1936202280;\game\eff00047.sdr
1936202281;\game\eff00046.sdr
1936202282;\game\eff00045.sdr
1936202283;\game\eff00044.sdr
1936202284;\game\eff00043.sdr
1936202285;\game\eff00042.sdr
1936202286;\game\eff00041.sdr
1936202287;\game\eff00040.sdr
1936267312;\game\grp00520.ctm
1936267313;\game\grp00521.ctm
1936267314;\game\grp00522.ctm
1936267315;\game\grp00523.ctm
1936267316;\game\grp00524.ctm
1936267319;\game\grp00527.ctm
1936463920;\game\grp00020.ctm
1936463921;\game\grp00021.ctm
1936463922;\game\grp00022.ctm
1936463923;\game\grp00023.ctm
1936463924;\game\grp00024.ctm
1936463926;\game\grp00026.ctm
1936463927;\game\grp00027.ctm
1936463928;\game\grp00028.ctm
1936529456;\game\grp00120.ctm
1936529457;\game\grp00121.ctm
1936529458;\game\grp00122.ctm
1936529459;\game\grp00123.ctm
1936529462;\game\grp00126.ctm
1936529463;\game\grp00127.ctm
1936529464;\game\grp00128.ctm
1936529465;\game\grp00129.ctm
1936594993;\game\grp00221.ctm
1936594994;\game\grp00222.ctm
1936594996;\game\grp00224.ctm
1936594998;\game\grp00226.ctm
1936595000;\game\grp00228.ctm
1936595001;\game\grp00229.ctm
1936660528;\game\grp00320.ctm
1936660529;\game\grp00321.ctm
1936660530;\game\grp00322.ctm
1936660531;\game\grp00323.ctm
1936660532;\game\grp00324.ctm
1936660533;\game\grp00325.ctm
1936660534;\game\grp00326.ctm
1936660535;\game\grp00327.ctm
1936660536;\game\grp00328.ctm
1936660537;\game\grp00329.ctm
1952649776;\game\mvp00050.htm.tim
1952649777;\game\mvp00051.htm.tim
1952649778;\game\mvp00052.htm.tim
1952649779;\game\mvp00053.htm.tim
1952649780;\game\mvp00054.htm.tim
1952649781;\game\mvp00055.htm.tim
1952649782;\game\mvp00056.htm.tim
1952649783;\game\mvp00057.htm.tim
1952649784;\game\mvp00058.htm.tim
1952649785;\game\mvp00059.htm.tim
1952848982;\game\char0088.sha
1952848983;\game\char0089.sha
1952848984;\game\char0086.sha
1952848985;\game\char0087.sha
1952848986;\game\char0084.sha
1952848987;\game\char0085.sha
1952848988;\game\char0082.sha
1952848989;\game\char0083.sha
1952848990;\game\char0080.sha
1952848991;\game\char0081.sha
1952914518;\game\char0188.sha
1952914519;\game\char0189.sha
1952914520;\game\char0186.sha
1952914521;\game\char0187.sha
1952914522;\game\char0184.sha
1952914523;\game\char0185.sha
1952914524;\game\char0182.sha
1952914525;\game\char0183.sha
1952914526;\game\char0180.sha
1952914527;\game\char0181.sha
1952978992;\game\grp00450.ctm
1952978993;\game\grp00451.ctm
1952978994;\game\grp00452.ctm
1952978995;\game\grp00453.ctm
1952978996;\game\grp00454.ctm
1952978998;\game\grp00456.ctm
1952978999;\game\grp00457.ctm
1952979000;\game\grp00458.ctm
1952979001;\game\grp00459.ctm
1952979494;\game\eff00039.sdr
1952979495;\game\eff00038.sdr
1952979496;\game\eff00037.sdr
1952979497;\game\eff00036.sdr
1952979498;\game\eff00035.sdr
1952979499;\game\eff00034.sdr
1952979500;\game\eff00033.sdr
1952979501;\game\eff00032.sdr
1952979502;\game\eff00031.sdr
1952979503;\game\eff00030.sdr
1953044528;\game\grp00550.ctm
1953044529;\game\grp00551.ctm
1953044530;\game\grp00552.ctm
1953044531;\game\grp00553.ctm
1953044532;\game\grp00554.ctm
1953044533;\game\grp00555.ctm
1953044534;\game\grp00556.ctm
1953044535;\game\grp00557.ctm
1953044536;\game\grp00558.ctm
1953044537;\game\grp00559.ctm
1953241136;\game\grp00050.ctm
1953241137;\game\grp00051.ctm
1953241138;\game\grp00052.ctm
1953241140;\game\grp00054.ctm
1953241141;\game\grp00055.ctm
1953241142;\game\grp00056.ctm
1953241143;\game\grp00057.ctm
1953241144;\game\grp00058.ctm
1953241145;\game\grp00059.ctm
1953306672;\game\grp00150.ctm
1953306673;\game\grp00151.ctm
1953306674;\game\grp00152.ctm
1953306675;\game\grp00153.ctm
1953306677;\game\grp00155.ctm
1953306678;\game\grp00156.ctm
1953306679;\game\grp00157.ctm
1953306680;\game\grp00158.ctm
1953306681;\game\grp00159.ctm
1953372208;\game\grp00250.ctm
1953372213;\game\grp00255.ctm
1953372217;\game\grp00259.ctm
1953437744;\game\grp00350.ctm
1953437745;\game\grp00351.ctm
1953437746;\game\grp00352.ctm
1953437747;\game\grp00353.ctm
1953437748;\game\grp00354.ctm
1953437749;\game\grp00355.ctm
1953437750;\game\grp00356.ctm
1953437751;\game\grp00357.ctm
1953437752;\game\grp00358.ctm
1953437753;\game\grp00359.ctm
1962937874;\game\mdeath2.vag
1969426992;\game\mvp00040.htm.tim
1969426993;\game\mvp00041.htm.tim
1969426994;\game\mvp00042.htm.tim
1969426995;\game\mvp00043.htm.tim
1969426996;\game\mvp00044.htm.tim
1969426997;\game\mvp00045.htm.tim
1969426998;\game\mvp00046.htm.tim
1969426999;\game\mvp00047.htm.tim
1969427000;\game\mvp00048.htm.tim
1969427001;\game\mvp00049.htm.tim
1969626198;\game\char0098.sha
1969626199;\game\char0099.sha
1969626200;\game\char0096.sha
1969626201;\game\char0097.sha
1969626202;\game\char0094.sha
1969626203;\game\char0095.sha
1969626204;\game\char0092.sha
1969626205;\game\char0093.sha
1969626206;\game\char0090.sha
1969626207;\game\char0091.sha
1969691734;\game\char0198.sha
1969691738;\game\char0194.sha
1969691739;\game\char0195.sha
1969691740;\game\char0192.sha
1969691741;\game\char0193.sha
1969691742;\game\char0190.sha
1969691743;\game\char0191.sha
1969756208;\game\grp00440.ctm
1969756209;\game\grp00441.ctm
1969756210;\game\grp00442.ctm
1969756211;\game\grp00443.ctm
1969756212;\game\grp00444.ctm
1969756213;\game\grp00445.ctm
1969756214;\game\grp00446.ctm
1969756215;\game\grp00447.ctm
1969756216;\game\grp00448.ctm
1969756217;\game\grp00449.ctm
1969756710;\game\eff00029.sdr
1969756711;\game\eff00028.sdr
1969756712;\game\eff00027.sdr
1969756713;\game\eff00026.sdr
1969756714;\game\eff00025.sdr
1969756715;\game\eff00024.sdr
1969756716;\game\eff00023.sdr
1969756717;\game\eff00022.sdr
1969756718;\game\eff00021.sdr
1969756719;\game\eff00020.sdr
1969821744;\game\grp00540.ctm
1969821745;\game\grp00541.ctm
1969821746;\game\grp00542.ctm
1969821747;\game\grp00543.ctm
1969821748;\game\grp00544.ctm
1969821749;\game\grp00545.ctm
1969821750;\game\grp00546.ctm
1969821751;\game\grp00547.ctm
1969821753;\game\grp00549.ctm
1970018352;\game\grp00040.ctm
1970018353;\game\grp00041.ctm
1970018354;\game\grp00042.ctm
1970018355;\game\grp00043.ctm
1970018356;\game\grp00044.ctm
1970018357;\game\grp00045.ctm
1970018358;\game\grp00046.ctm
1970018359;\game\grp00047.ctm
1970018360;\game\grp00048.ctm
1970018361;\game\grp00049.ctm
1970083888;\game\grp00140.ctm
1970083889;\game\grp00141.ctm
1970083890;\game\grp00142.ctm
1970083891;\game\grp00143.ctm
1970083892;\game\grp00144.ctm
1970083893;\game\grp00145.ctm
1970083894;\game\grp00146.ctm
1970083895;\game\grp00147.ctm
1970083896;\game\grp00148.ctm
1970083897;\game\grp00149.ctm
1970149424;\game\grp00240.ctm
1970149425;\game\grp00241.ctm
1970149426;\game\grp00242.ctm
1970149428;\game\grp00244.ctm
1970149431;\game\grp00247.ctm
1970149432;\game\grp00248.ctm
1970149433;\game\grp00249.ctm
1970214961;\game\grp00341.ctm
1970214962;\game\grp00342.ctm
1970214963;\game\grp00343.ctm
1970214964;\game\grp00344.ctm
1970214965;\game\grp00345.ctm
1970214966;\game\grp00346.ctm
1970214967;\game\grp00347.ctm
1970214968;\game\grp00348.ctm
1970214969;\game\grp00349.ctm
1980266575;\game\7608784F.tim
1986533424;\game\grp00470.ctm
1986533425;\game\grp00471.ctm
1986533426;\game\grp00472.ctm
1986533427;\game\grp00473.ctm
1986533428;\game\grp00474.ctm
1986533429;\game\grp00475.ctm
1986533431;\game\grp00477.ctm
1986533432;\game\grp00478.ctm
1986533926;\game\eff00019.sdr
1986533927;\game\eff00018.sdr
1986533928;\game\eff00017.sdr
1986533929;\game\eff00016.sdr
1986533930;\game\eff00015.sdr
1986533931;\game\eff00014.sdr
1986533932;\game\eff00013.sdr
1986533933;\game\eff00012.sdr
1986533934;\game\eff00011.sdr
1986533935;\game\eff00010.sdr
1986598960;\game\grp00570.ctm
1986598961;\game\grp00571.ctm
1986598962;\game\grp00572.ctm
1986598963;\game\grp00573.ctm
1986598964;\game\grp00574.ctm
1986598965;\game\grp00575.ctm
1986598966;\game\grp00576.ctm
1986598967;\game\grp00577.ctm
1986598968;\game\grp00578.ctm
1986598969;\game\grp00579.ctm
1986795568;\game\grp00070.ctm
1986795569;\game\grp00071.ctm
1986795570;\game\grp00072.ctm
1986795571;\game\grp00073.ctm
1986795572;\game\grp00074.ctm
1986795573;\game\grp00075.ctm
1986795575;\game\grp00077.ctm
1986795576;\game\grp00078.ctm
1986795577;\game\grp00079.ctm
1986861104;\game\grp00170.ctm
1986861105;\game\grp00171.ctm
1986861106;\game\grp00172.ctm
1986861107;\game\grp00173.ctm
1986861108;\game\grp00174.ctm
1986861109;\game\grp00175.ctm
1986861110;\game\grp00176.ctm
1986861111;\game\grp00177.ctm
1986861112;\game\grp00178.ctm
1986861113;\game\grp00179.ctm
1986926643;\game\grp00273.ctm
1986926644;\game\grp00274.ctm
1986926645;\game\grp00275.ctm
1986926646;\game\grp00276.ctm
1986926647;\game\grp00277.ctm
1986926648;\game\grp00278.ctm
1986926649;\game\grp00279.ctm
1986992176;\game\grp00370.ctm
1986992178;\game\grp00372.ctm
1986992179;\game\grp00373.ctm
1986992180;\game\grp00374.ctm
1986992182;\game\grp00376.ctm
1986992183;\game\grp00377.ctm
1986992184;\game\grp00378.ctm
1986992185;\game\grp00379.ctm
2002981424;\game\mvp00060.htm.tim
2002981425;\game\mvp00061.htm.tim
2002981426;\game\mvp00062.htm.tim
2002981427;\game\mvp00063.htm.tim
2003310640;\game\grp00460.ctm
2003310642;\game\grp00462.ctm
2003310643;\game\grp00463.ctm
2003310645;\game\grp00465.ctm
2003310646;\game\grp00466.ctm
2003310647;\game\grp00467.ctm
2003310648;\game\grp00468.ctm
2003311142;\game\eff00009.sdr
2003311143;\game\eff00008.sdr
2003311144;\game\eff00007.sdr
2003311145;\game\eff00006.sdr
2003311146;\game\eff00005.sdr
2003311147;\game\eff00004.sdr
2003311148;\game\eff00003.sdr
2003311149;\game\eff00002.sdr
2003311150;\game\eff00001.sdr
2003311151;\game\eff00000.sdr
2003376176;\game\grp00560.ctm
2003376177;\game\grp00561.ctm
2003376178;\game\grp00562.ctm
2003376179;\game\grp00563.ctm
2003376180;\game\grp00564.ctm
2003376181;\game\grp00565.ctm
2003376182;\game\grp00566.ctm
2003376183;\game\grp00567.ctm
2003376184;\game\grp00568.ctm
2003376185;\game\grp00569.ctm
2003572784;\game\grp00060.ctm
2003572785;\game\grp00061.ctm
2003572786;\game\grp00062.ctm
2003572787;\game\grp00063.ctm
2003572788;\game\grp00064.ctm
2003572789;\game\grp00065.ctm
2003572792;\game\grp00068.ctm
2003572793;\game\grp00069.ctm
2003638320;\game\grp00160.ctm
2003638321;\game\grp00161.ctm
2003638322;\game\grp00162.ctm
2003638324;\game\grp00164.ctm
2003638325;\game\grp00165.ctm
2003638326;\game\grp00166.ctm
2003638328;\game\grp00168.ctm
2003638329;\game\grp00169.ctm
2003703860;\game\grp00264.ctm
2003703862;\game\grp00266.ctm
2003769392;\game\grp00360.ctm
2003769394;\game\grp00362.ctm
2003769396;\game\grp00364.ctm
2003769398;\game\grp00366.ctm
2003769399;\game\grp00367.ctm
2003769400;\game\grp00368.ctm
2003769401;\game\grp00369.ctm
2019957846;\game\char0048.sha
2019957847;\game\char0049.sha
2019957848;\game\char0046.sha
2019957849;\game\char0047.sha
2019957850;\game\char0044.sha
2019957851;\game\char0045.sha
2019957852;\game\char0042.sha
2019957853;\game\char0043.sha
2019957854;\game\char0040.sha
2019957855;\game\char0041.sha
2020023382;\game\char0148.sha
2020023383;\game\char0149.sha
2020023384;\game\char0146.sha
2020023385;\game\char0147.sha
2020023386;\game\char0144.sha
2020023387;\game\char0145.sha
2020023388;\game\char0142.sha
2020023389;\game\char0143.sha
2020023390;\game\char0140.sha
2020023391;\game\char0141.sha
2020087856;\game\grp00490.ctm
2020087857;\game\grp00491.ctm
2020087858;\game\grp00492.ctm
2020087859;\game\grp00493.ctm
2020087860;\game\grp00494.ctm
2020087861;\game\grp00495.ctm
2020087863;\game\grp00497.ctm
2020087864;\game\grp00498.ctm
2020087865;\game\grp00499.ctm
2020153392;\game\grp00590.ctm
2020153393;\game\grp00591.ctm
2020153394;\game\grp00592.ctm
2020153395;\game\grp00593.ctm
2020153396;\game\grp00594.ctm
2020153397;\game\grp00595.ctm
2020350000;\game\grp00090.ctm
2020350001;\game\grp00091.ctm
2020350002;\game\grp00092.ctm
2020350003;\game\grp00093.ctm
2020350004;\game\grp00094.ctm
2020350005;\game\grp00095.ctm
2020350006;\game\grp00096.ctm
2020350007;\game\grp00097.ctm
2020350008;\game\grp00098.ctm
2020350009;\game\grp00099.ctm
2020415536;\game\grp00190.ctm
2020415537;\game\grp00191.ctm
2020415539;\game\grp00193.ctm
2020415540;\game\grp00194.ctm
2020415541;\game\grp00195.ctm
2020415542;\game\grp00196.ctm
2020415543;\game\grp00197.ctm
2020415545;\game\grp00199.ctm
2020481072;\game\grp00290.ctm
2020481074;\game\grp00292.ctm
2020481075;\game\grp00293.ctm
2020481076;\game\grp00294.ctm
2020481077;\game\grp00295.ctm
2020481078;\game\grp00296.ctm
2020481079;\game\grp00297.ctm
2020481081;\game\grp00299.ctm
2020546608;\game\grp00390.ctm
2020546609;\game\grp00391.ctm
2020546610;\game\grp00392.ctm
2020546611;\game\grp00393.ctm
2020546613;\game\grp00395.ctm
2020546614;\game\grp00396.ctm
2020546615;\game\grp00397.ctm
2020546616;\game\grp00398.ctm
2020546617;\game\grp00399.ctm
2021353280;\game\787B6740.tim
2021353281;\game\787B6741.tim
2021353282;\game\787B6742.tim
2021353283;\game\787B6743.tim
2021353284;\game\787B6744.tim
2021353285;\game\787B6745.tim
2021353286;\game\787B6746.tim
2021353287;\game\787B6747.tim
2021353290;\game\787B674A.tim
2021353291;\game\787B674B.tim
2036735062;\game\char0058.sha
2036735063;\game\char0059.sha
2036735064;\game\char0056.sha
2036735065;\game\char0057.sha
2036735066;\game\char0054.sha
2036735067;\game\char0055.sha
2036735068;\game\char0052.sha
2036735069;\game\char0053.sha
2036735070;\game\char0050.sha
2036735071;\game\char0051.sha
2036800598;\game\char0158.sha
2036800599;\game\char0159.sha
2036800600;\game\char0156.sha
2036800601;\game\char0157.sha
2036800602;\game\char0154.sha
2036800603;\game\char0155.sha
2036800604;\game\char0152.sha
2036800605;\game\char0153.sha
2036800606;\game\char0150.sha
2036800607;\game\char0151.sha
2036865072;\game\grp00480.ctm
2036865074;\game\grp00482.ctm
2036865075;\game\grp00483.ctm
2036865077;\game\grp00485.ctm
2036865078;\game\grp00486.ctm
2036865079;\game\grp00487.ctm
2036865080;\game\grp00488.ctm
2036865081;\game\grp00489.ctm
2036930608;\game\grp00580.ctm
2036930609;\game\grp00581.ctm
2036930610;\game\grp00582.ctm
2036930611;\game\grp00583.ctm
2036930612;\game\grp00584.ctm
2036930613;\game\grp00585.ctm
2036930614;\game\grp00586.ctm
2036930615;\game\grp00587.ctm
2036930616;\game\grp00588.ctm
2036930617;\game\grp00589.ctm
2037127216;\game\grp00080.ctm
2037127217;\game\grp00081.ctm
2037127218;\game\grp00082.ctm
2037127219;\game\grp00083.ctm
2037127220;\game\grp00084.ctm
2037127221;\game\grp00085.ctm
2037127222;\game\grp00086.ctm
2037127223;\game\grp00087.ctm
2037127224;\game\grp00088.ctm
2037127225;\game\grp00089.ctm
2037192752;\game\grp00180.ctm
2037192753;\game\grp00181.ctm
2037192754;\game\grp00182.ctm
2037192755;\game\grp00183.ctm
2037192756;\game\grp00184.ctm
2037192757;\game\grp00185.ctm
2037192758;\game\grp00186.ctm
2037192759;\game\grp00187.ctm
2037192760;\game\grp00188.ctm
2037192761;\game\grp00189.ctm
2037258290;\game\grp00282.ctm
2037258291;\game\grp00283.ctm
2037258292;\game\grp00284.ctm
2037258294;\game\grp00286.ctm
2037258295;\game\grp00287.ctm
2037258296;\game\grp00288.ctm
2037258297;\game\grp00289.ctm
2037323824;\game\grp00380.ctm
2037323825;\game\grp00381.ctm
2037323826;\game\grp00382.ctm
2037323830;\game\grp00386.ctm
2037323831;\game\grp00387.ctm
2037323833;\game\grp00389.ctm
2053512278;\game\char0068.sha
2053512279;\game\char0069.sha
2053512280;\game\char0066.sha
2053512281;\game\char0067.sha
2053512282;\game\char0064.sha
2053512283;\game\char0065.sha
2053512284;\game\char0062.sha
2053512285;\game\char0063.sha
2053512286;\game\char0060.sha
2053512287;\game\char0061.sha
2053577814;\game\char0168.sha
2053577815;\game\char0169.sha
2053577816;\game\char0166.sha
2053577817;\game\char0167.sha
2053577818;\game\char0164.sha
2053577819;\game\char0165.sha
2053577820;\game\char0162.sha
2053577821;\game\char0163.sha
2053577822;\game\char0160.sha
2053577823;\game\char0161.sha
2070289494;\game\char0078.sha
2070289495;\game\char0079.sha
2070289496;\game\char0076.sha
2070289497;\game\char0077.sha
2070289498;\game\char0074.sha
2070289499;\game\char0075.sha
2070289500;\game\char0072.sha
2070289501;\game\char0073.sha
2070289502;\game\char0070.sha
2070289503;\game\char0071.sha
2070355030;\game\char0178.sha
2070355031;\game\char0179.sha
2070355032;\game\char0176.sha
2070355033;\game\char0177.sha
2070355034;\game\char0174.sha
2070355035;\game\char0175.sha
2070355036;\game\char0172.sha
2070355037;\game\char0173.sha
2070355039;\game\char0171.sha
2081427969;\game\ftorch1.vag
2087066710;\game\char0008.sha
2087066711;\game\char0009.sha
2087066712;\game\char0006.sha
2087066713;\game\char0007.sha
2087066714;\game\char0004.sha
2087066715;\game\char0005.sha
2087066716;\game\char0002.sha
2087066717;\game\char0003.sha
2087066718;\game\char0000.sha
2087066719;\game\char0001.sha
2087132246;\game\char0108.sha
2087132247;\game\char0109.sha
2087132248;\game\char0106.sha
2087132249;\game\char0107.sha
2087132250;\game\char0104.sha
2087132251;\game\char0105.sha
2087132252;\game\char0102.sha
2087132253;\game\char0103.sha
2087132254;\game\char0100.sha
2087132255;\game\char0101.sha
2097546257;\game\zombie2.vag
2098466561;\game\7D140F01.tim
2115243777;\game\7E140F01.tim
2132020993;\game\7F140F01.tim
2098664219;\game\monhit1.vag
2103843926;\game\char0018.sha
2103843927;\game\char0019.sha
2103843928;\game\char0016.sha
2103843929;\game\char0017.sha
2103843930;\game\char0014.sha
2103843931;\game\char0015.sha
2103843932;\game\char0012.sha
2103843933;\game\char0013.sha
2103843934;\game\char0010.sha
2103843935;\game\char0011.sha
2103909462;\game\char0118.sha
2103909463;\game\char0119.sha
2103909464;\game\char0116.sha
2103909465;\game\char0117.sha
2103909466;\game\char0114.sha
2103909467;\game\char0115.sha
2103909468;\game\char0112.sha
2103909469;\game\char0113.sha
2103909470;\game\char0110.sha
2103909471;\game\char0111.sha
2120621142;\game\char0028.sha
2120621143;\game\char0029.sha
2120621144;\game\char0026.sha
2120621145;\game\char0027.sha
2120621146;\game\char0024.sha
2120621147;\game\char0025.sha
2120621148;\game\char0022.sha
2120621149;\game\char0023.sha
2120621150;\game\char0020.sha
2120621151;\game\char0021.sha
2120686678;\game\char0128.sha
2120686679;\game\char0129.sha
2120686680;\game\char0126.sha
2120686681;\game\char0127.sha
2120686682;\game\char0124.sha
2120686683;\game\char0125.sha
2120686684;\game\char0122.sha
2120686685;\game\char0123.sha
2120686686;\game\char0120.sha
2120686687;\game\char0121.sha
2137398358;\game\char0038.sha
2137398359;\game\char0039.sha
2137398360;\game\char0036.sha
2137398361;\game\char0037.sha
2137398362;\game\char0034.sha
2137398363;\game\char0035.sha
2137398364;\game\char0032.sha
2137398365;\game\char0033.sha
2137398366;\game\char0030.sha
2137398367;\game\char0031.sha
2137463894;\game\char0138.sha
2137463895;\game\char0139.sha
2137463896;\game\char0136.sha
2137463897;\game\char0137.sha
2137463898;\game\char0134.sha
2137463899;\game\char0135.sha
2137463900;\game\char0132.sha
2137463901;\game\char0133.sha
2137463902;\game\char0130.sha
2137463903;\game\char0131.sha
